UPDATE UnitSpawnEras SET MinEraType = 'ERA_CLASSICAL';

INSERT INTO Types (Type, Kind) VALUES ('UNIT_DINO_ANKYLOSAURUS', 'KIND_UNIT');
INSERT INTO Types (Type, Kind) VALUES ('UNIT_DINO_BASILOSAURUS', 'KIND_UNIT');
INSERT INTO Types (Type, Kind) VALUES ('UNIT_DINO_PROTOCERATOPS', 'KIND_UNIT');
INSERT INTO Types (Type, Kind) VALUES ('UNIT_DINO_STEGOSAURUS', 'KIND_UNIT');
INSERT INTO Types (Type, Kind) VALUES ('UNIT_DINO_STYRACOSAURUS', 'KIND_UNIT');
INSERT INTO Types (Type, Kind) VALUES ('UNIT_DINO_TREX', 'KIND_UNIT');
INSERT INTO Types (Type, Kind) VALUES ('UNIT_DINO_TRICERATOPS', 'KIND_UNIT');
INSERT INTO Types (Type, Kind) VALUES ('UNIT_DINO_UTAHRAPTOR', 'KIND_UNIT');
INSERT INTO Types (Type, Kind) VALUES ('UNIT_DINO_VELOCIRAPTOR', 'KIND_UNIT');
INSERT INTO Types (Type, Kind) VALUES ('UNIT_DINO_SMILODON', 'KIND_UNIT');
INSERT INTO Types (Type, Kind) VALUES ('UNIT_DINO_MAMMOTH', 'KIND_UNIT');

INSERT INTO Units (UnitType, BaseMoves, Cost, AdvisorType, BaseSightRange, ZoneOfControl, Domain, FormationClass, Name, Description, PromotionClass, Maintenance, Combat, TraitType, PrereqTech, MandatoryObsoleteTech)
VALUES ('UNIT_DINO_ANKYLOSAURUS', '2', '90', 'ADVISOR_CONQUEST', '2', '1', 'DOMAIN_LAND', 'FORMATION_CLASS_LAND_COMBAT',
        'LOC_UNIT_DINO_ANKYLOSAURUS_NAME', 'LOC_UNIT_DINO_ANKYLOSAURUS_DESCRIPTION',
        'PROMOTION_CLASS_MELEE', '2', '24', 'TRAIT_BARBARIAN', 'TECH_LASERS', 'TECH_POTTERY');

INSERT INTO Units (UnitType, BaseMoves, Cost, AdvisorType, BaseSightRange, ZoneOfControl, Domain, FormationClass, Name, Description, PromotionClass, Maintenance, Combat, TraitType, PrereqTech, MandatoryObsoleteTech)
VALUES ('UNIT_DINO_PROTOCERATOPS', '2', '90', 'ADVISOR_CONQUEST', '2', '1', 'DOMAIN_LAND', 'FORMATION_CLASS_LAND_COMBAT',
        'LOC_UNIT_DINO_PROTOCERATOPS_NAME', 'LOC_UNIT_DINO_PROTOCERATOPS_DESCRIPTION',
        'PROMOTION_CLASS_MELEE', '2', '22', 'TRAIT_BARBARIAN', 'TECH_LASERS', 'TECH_POTTERY');

INSERT INTO Units (UnitType, BaseMoves, Cost, AdvisorType, BaseSightRange, ZoneOfControl, Domain, FormationClass, Name, Description, PromotionClass, Maintenance, Combat, TraitType, PrereqTech, MandatoryObsoleteTech)
VALUES ('UNIT_DINO_STEGOSAURUS', '2', '90', 'ADVISOR_CONQUEST', '2', '1', 'DOMAIN_LAND', 'FORMATION_CLASS_LAND_COMBAT',
        'LOC_UNIT_DINO_STEGOSAURUS_NAME', 'LOC_UNIT_DINO_STEGOSAURUS_DESCRIPTION',
        'PROMOTION_CLASS_MELEE', '2', '24', 'TRAIT_BARBARIAN', 'TECH_LASERS', 'TECH_POTTERY');

INSERT INTO Units (UnitType, BaseMoves, Cost, AdvisorType, BaseSightRange, ZoneOfControl, Domain, FormationClass, Name, Description, PromotionClass, Maintenance, Combat, TraitType, PrereqTech, MandatoryObsoleteTech)
VALUES ('UNIT_DINO_STYRACOSAURUS', '2', '90', 'ADVISOR_CONQUEST', '2', '1', 'DOMAIN_LAND', 'FORMATION_CLASS_LAND_COMBAT',
        'LOC_UNIT_DINO_STYRACOSAURUS_NAME', 'LOC_UNIT_DINO_STYRACOSAURUS_DESCRIPTION',
        'PROMOTION_CLASS_MELEE', '2', '22', 'TRAIT_BARBARIAN', 'TECH_LASERS', 'TECH_POTTERY');

INSERT INTO Units (UnitType, BaseMoves, Cost, AdvisorType, BaseSightRange, ZoneOfControl, Domain, FormationClass, Name, Description, PromotionClass, Maintenance, Combat, TraitType, PrereqTech, MandatoryObsoleteTech)
VALUES ('UNIT_DINO_TREX', '2', '90', 'ADVISOR_CONQUEST', '2', '1', 'DOMAIN_LAND', 'FORMATION_CLASS_LAND_COMBAT',
        'LOC_UNIT_DINO_TREX_NAME', 'LOC_UNIT_DINO_TREX_DESCRIPTION',
        'PROMOTION_CLASS_MELEE', '2', '32', 'TRAIT_BARBARIAN', 'TECH_LASERS', 'TECH_POTTERY');

INSERT INTO Units (UnitType, BaseMoves, Cost, AdvisorType, BaseSightRange, ZoneOfControl, Domain, FormationClass, Name, Description, PromotionClass, Maintenance, Combat, TraitType, PrereqTech, MandatoryObsoleteTech)
VALUES ('UNIT_DINO_TRICERATOPS', '2', '90', 'ADVISOR_CONQUEST', '2', '1', 'DOMAIN_LAND', 'FORMATION_CLASS_LAND_COMBAT',
        'LOC_UNIT_DINO_TRICERATOPS_NAME', 'LOC_UNIT_DINO_TRICERATOPS_DESCRIPTION',
        'PROMOTION_CLASS_MELEE', '2', '22', 'TRAIT_BARBARIAN', 'TECH_LASERS', 'TECH_POTTERY');

INSERT INTO Units (UnitType, BaseMoves, Cost, AdvisorType, BaseSightRange, ZoneOfControl, Domain, FormationClass, Name, Description, PromotionClass, Maintenance, Combat, TraitType, PrereqTech, MandatoryObsoleteTech)
VALUES ('UNIT_DINO_UTAHRAPTOR', '3', '90', 'ADVISOR_CONQUEST', '2', '1', 'DOMAIN_LAND', 'FORMATION_CLASS_LAND_COMBAT',
        'LOC_UNIT_DINO_UTAHRAPTOR_NAME', 'LOC_UNIT_DINO_UTAHRAPTOR_DESCRIPTION',
        'PROMOTION_CLASS_MELEE', '2', '26', 'TRAIT_BARBARIAN', 'TECH_LASERS', 'TECH_POTTERY');

INSERT INTO Units (UnitType, BaseMoves, Cost, AdvisorType, BaseSightRange, ZoneOfControl, Domain, FormationClass, Name, Description, PromotionClass, Maintenance, Combat, TraitType, PrereqTech, MandatoryObsoleteTech)
VALUES ('UNIT_DINO_VELOCIRAPTOR', '3', '90', 'ADVISOR_CONQUEST', '2', '1', 'DOMAIN_LAND', 'FORMATION_CLASS_LAND_COMBAT',
       'LOC_UNIT_DINO_VELOCIRAPTOR_NAME', 'LOC_UNIT_DINO_VELOCIRAPTOR_DESCRIPTION',
       'PROMOTION_CLASS_MELEE', '2', '26', 'TRAIT_BARBARIAN', 'TECH_LASERS', 'TECH_POTTERY');

INSERT INTO Units (UnitType, BaseMoves, Cost, AdvisorType, BaseSightRange, ZoneOfControl, Domain, FormationClass, Name, Description, PromotionClass, Maintenance, Combat, TraitType, PrereqTech, MandatoryObsoleteTech)
VALUES ('UNIT_DINO_SMILODON', '2', '90', 'ADVISOR_CONQUEST', '2', '1', 'DOMAIN_LAND', 'FORMATION_CLASS_LAND_COMBAT',
        'LOC_UNIT_DINO_SMILODON_NAME', 'LOC_UNIT_DINO_SMILODON_DESCRIPTION',
        'PROMOTION_CLASS_MELEE', '2', '26', 'TRAIT_BARBARIAN', 'TECH_LASERS', 'TECH_POTTERY');

INSERT INTO Units (UnitType, BaseMoves, Cost, AdvisorType, BaseSightRange, ZoneOfControl, Domain, FormationClass, Name, Description, PromotionClass, Maintenance, Combat, TraitType, PrereqTech, MandatoryObsoleteTech)
VALUES ('UNIT_DINO_MAMMOTH', '2', '90', 'ADVISOR_CONQUEST', '2', '1', 'DOMAIN_LAND', 'FORMATION_CLASS_LAND_COMBAT',
        'LOC_UNIT_DINO_MAMMOTH_NAME', 'LOC_UNIT_DINO_MAMMOTH_DESCRIPTION',
        'PROMOTION_CLASS_MELEE', '2', '20', 'TRAIT_BARBARIAN', 'TECH_LASERS', 'TECH_POTTERY');

INSERT INTO Units (UnitType, Cost, Maintenance, BaseMoves, BaseSightRange, ZoneOfControl, Domain, Combat, FormationClass, PromotionClass, Name, Description, TraitType, PrereqTech, MandatoryObsoleteTech)
VALUES ('UNIT_DINO_BASILOSAURUS', '90', '2', '3', '2', '1', 'DOMAIN_SEA', '32', 'FORMATION_CLASS_NAVAL',
        'PROMOTION_CLASS_NAVAL_MELEE', 'LOC_UNIT_DINO_BASILOSAURUS_NAME',
        'LOC_UNIT_DINO_BASILOSAURUS_DESCRIPTION', 'TRAIT_BARBARIAN', 'TECH_LASERS', 'TECH_POTTERY');


INSERT INTO TypeTags (Type, Tag)
VALUES
  ('UNIT_DINO_ANKYLOSAURUS', 'CLASS_MELEE'),
  ('UNIT_DINO_BASILOSAURUS', 'CLASS_NAVAL_MELEE'),
  ('UNIT_DINO_PROTOCERATOPS', 'CLASS_MELEE'),
  ('UNIT_DINO_STEGOSAURUS', 'CLASS_MELEE'),
  ('UNIT_DINO_STYRACOSAURUS', 'CLASS_MELEE'),
  ('UNIT_DINO_TREX', 'CLASS_MELEE'),
  ('UNIT_DINO_TRICERATOPS', 'CLASS_MELEE'),
  ('UNIT_DINO_UTAHRAPTOR', 'CLASS_MELEE'),
  ('UNIT_DINO_VELOCIRAPTOR', 'CLASS_MELEE'),
  ('UNIT_DINO_SMILODON', 'CLASS_MELEE'),
  ('UNIT_DINO_MAMMOTH', 'CLASS_MELEE'),
  ('UNIT_DINO_ANKYLOSAURUS', 'CLASS_NO_COAST_ENTRY'),
  ('UNIT_DINO_BASILOSAURUS', 'CLASS_NO_COAST_ENTRY'),
  ('UNIT_DINO_PROTOCERATOPS', 'CLASS_NO_COAST_ENTRY'),
  ('UNIT_DINO_STEGOSAURUS', 'CLASS_NO_COAST_ENTRY'),
  ('UNIT_DINO_STYRACOSAURUS', 'CLASS_NO_COAST_ENTRY'),
  ('UNIT_DINO_TREX', 'CLASS_NO_COAST_ENTRY'),
  ('UNIT_DINO_TRICERATOPS', 'CLASS_NO_COAST_ENTRY'),
  ('UNIT_DINO_UTAHRAPTOR', 'CLASS_NO_COAST_ENTRY'),
  ('UNIT_DINO_VELOCIRAPTOR', 'CLASS_NO_COAST_ENTRY'),
  ('UNIT_DINO_SMILODON', 'CLASS_NO_COAST_ENTRY'),
  ('UNIT_DINO_MAMMOTH', 'CLASS_NO_COAST_ENTRY'),
  ('UNIT_DINO_UTAHRAPTOR', 'CLASS_WILD_ANIMALS_STAMINA'),
  ('UNIT_DINO_VELOCIRAPTOR', 'CLASS_WILD_ANIMALS_STAMINA'),
  ('UNIT_DINO_TREX', 'CLASS_WILD_ANIMALS_AMPHIBIOUS');


INSERT INTO UnitSpawnContinents VALUES ('UNIT_DINO_ANKYLOSAURUS','CONTINENT_AFRICA',25);
INSERT INTO UnitSpawnContinents VALUES ('UNIT_DINO_PROTOCERATOPS','CONTINENT_AFRICA',25);
INSERT INTO UnitSpawnContinents VALUES ('UNIT_DINO_STEGOSAURUS','CONTINENT_AFRICA',25);
INSERT INTO UnitSpawnContinents VALUES ('UNIT_DINO_STYRACOSAURUS','CONTINENT_AFRICA',25);
INSERT INTO UnitSpawnContinents VALUES ('UNIT_DINO_TREX','CONTINENT_AFRICA',25);
INSERT INTO UnitSpawnContinents VALUES ('UNIT_DINO_TRICERATOPS','CONTINENT_AFRICA',25);
INSERT INTO UnitSpawnContinents VALUES ('UNIT_DINO_UTAHRAPTOR','CONTINENT_AFRICA',25);
INSERT INTO UnitSpawnContinents VALUES ('UNIT_DINO_VELOCIRAPTOR','CONTINENT_AFRICA',25);
INSERT INTO UnitSpawnContinents VALUES ('UNIT_DINO_SMILODON','CONTINENT_AFRICA',25);
INSERT INTO UnitSpawnContinents VALUES ('UNIT_DINO_MAMMOTH','CONTINENT_AFRICA',25);
INSERT INTO UnitSpawnContinents VALUES ('UNIT_DINO_ANKYLOSAURUS','CONTINENT_EUROPE',25);
INSERT INTO UnitSpawnContinents VALUES ('UNIT_DINO_PROTOCERATOPS','CONTINENT_EUROPE',25);
INSERT INTO UnitSpawnContinents VALUES ('UNIT_DINO_STEGOSAURUS','CONTINENT_EUROPE',25);
INSERT INTO UnitSpawnContinents VALUES ('UNIT_DINO_STYRACOSAURUS','CONTINENT_EUROPE',25);
INSERT INTO UnitSpawnContinents VALUES ('UNIT_DINO_TREX','CONTINENT_EUROPE',25);
INSERT INTO UnitSpawnContinents VALUES ('UNIT_DINO_TRICERATOPS','CONTINENT_EUROPE',25);
INSERT INTO UnitSpawnContinents VALUES ('UNIT_DINO_UTAHRAPTOR','CONTINENT_EUROPE',25);
INSERT INTO UnitSpawnContinents VALUES ('UNIT_DINO_VELOCIRAPTOR','CONTINENT_EUROPE',25);
INSERT INTO UnitSpawnContinents VALUES ('UNIT_DINO_SMILODON','CONTINENT_EUROPE',25);
INSERT INTO UnitSpawnContinents VALUES ('UNIT_DINO_MAMMOTH','CONTINENT_EUROPE',25);
INSERT INTO UnitSpawnContinents VALUES ('UNIT_DINO_ANKYLOSAURUS','CONTINENT_ASIA',25);
INSERT INTO UnitSpawnContinents VALUES ('UNIT_DINO_PROTOCERATOPS','CONTINENT_ASIA',25);
INSERT INTO UnitSpawnContinents VALUES ('UNIT_DINO_STEGOSAURUS','CONTINENT_ASIA',25);
INSERT INTO UnitSpawnContinents VALUES ('UNIT_DINO_STYRACOSAURUS','CONTINENT_ASIA',25);
INSERT INTO UnitSpawnContinents VALUES ('UNIT_DINO_TREX','CONTINENT_ASIA',25);
INSERT INTO UnitSpawnContinents VALUES ('UNIT_DINO_TRICERATOPS','CONTINENT_ASIA',25);
INSERT INTO UnitSpawnContinents VALUES ('UNIT_DINO_UTAHRAPTOR','CONTINENT_ASIA',25);
INSERT INTO UnitSpawnContinents VALUES ('UNIT_DINO_VELOCIRAPTOR','CONTINENT_ASIA',25);
INSERT INTO UnitSpawnContinents VALUES ('UNIT_DINO_SMILODON','CONTINENT_ASIA',25);
INSERT INTO UnitSpawnContinents VALUES ('UNIT_DINO_MAMMOTH','CONTINENT_ASIA',25);
INSERT INTO UnitSpawnContinents VALUES ('UNIT_DINO_ANKYLOSAURUS','CONTINENT_NORTH_AMERICA',25);
INSERT INTO UnitSpawnContinents VALUES ('UNIT_DINO_PROTOCERATOPS','CONTINENT_NORTH_AMERICA',25);
INSERT INTO UnitSpawnContinents VALUES ('UNIT_DINO_STEGOSAURUS','CONTINENT_NORTH_AMERICA',25);
INSERT INTO UnitSpawnContinents VALUES ('UNIT_DINO_STYRACOSAURUS','CONTINENT_NORTH_AMERICA',25);
INSERT INTO UnitSpawnContinents VALUES ('UNIT_DINO_TREX','CONTINENT_NORTH_AMERICA',25);
INSERT INTO UnitSpawnContinents VALUES ('UNIT_DINO_TRICERATOPS','CONTINENT_NORTH_AMERICA',25);
INSERT INTO UnitSpawnContinents VALUES ('UNIT_DINO_UTAHRAPTOR','CONTINENT_NORTH_AMERICA',25);
INSERT INTO UnitSpawnContinents VALUES ('UNIT_DINO_VELOCIRAPTOR','CONTINENT_NORTH_AMERICA',25);
INSERT INTO UnitSpawnContinents VALUES ('UNIT_DINO_SMILODON','CONTINENT_NORTH_AMERICA',25);
INSERT INTO UnitSpawnContinents VALUES ('UNIT_DINO_MAMMOTH','CONTINENT_NORTH_AMERICA',25);
INSERT INTO UnitSpawnContinents VALUES ('UNIT_DINO_ANKYLOSAURUS','CONTINENT_SOUTH_AMERICA',25);
INSERT INTO UnitSpawnContinents VALUES ('UNIT_DINO_PROTOCERATOPS','CONTINENT_SOUTH_AMERICA',25);
INSERT INTO UnitSpawnContinents VALUES ('UNIT_DINO_STEGOSAURUS','CONTINENT_SOUTH_AMERICA',25);
INSERT INTO UnitSpawnContinents VALUES ('UNIT_DINO_STYRACOSAURUS','CONTINENT_SOUTH_AMERICA',25);
INSERT INTO UnitSpawnContinents VALUES ('UNIT_DINO_TREX','CONTINENT_SOUTH_AMERICA',25);
INSERT INTO UnitSpawnContinents VALUES ('UNIT_DINO_TRICERATOPS','CONTINENT_SOUTH_AMERICA',25);
INSERT INTO UnitSpawnContinents VALUES ('UNIT_DINO_UTAHRAPTOR','CONTINENT_SOUTH_AMERICA',25);
INSERT INTO UnitSpawnContinents VALUES ('UNIT_DINO_VELOCIRAPTOR','CONTINENT_SOUTH_AMERICA',25);
INSERT INTO UnitSpawnContinents VALUES ('UNIT_DINO_SMILODON','CONTINENT_SOUTH_AMERICA',25);
INSERT INTO UnitSpawnContinents VALUES ('UNIT_DINO_MAMMOTH','CONTINENT_SOUTH_AMERICA',25);
INSERT INTO UnitSpawnContinents VALUES ('UNIT_DINO_ANKYLOSAURUS','CONTINENT_OCEANIA',25);
INSERT INTO UnitSpawnContinents VALUES ('UNIT_DINO_PROTOCERATOPS','CONTINENT_OCEANIA',25);
INSERT INTO UnitSpawnContinents VALUES ('UNIT_DINO_STEGOSAURUS','CONTINENT_OCEANIA',25);
INSERT INTO UnitSpawnContinents VALUES ('UNIT_DINO_STYRACOSAURUS','CONTINENT_OCEANIA',25);
INSERT INTO UnitSpawnContinents VALUES ('UNIT_DINO_TREX','CONTINENT_OCEANIA',25);
INSERT INTO UnitSpawnContinents VALUES ('UNIT_DINO_TRICERATOPS','CONTINENT_OCEANIA',25);
INSERT INTO UnitSpawnContinents VALUES ('UNIT_DINO_UTAHRAPTOR','CONTINENT_OCEANIA',25);
INSERT INTO UnitSpawnContinents VALUES ('UNIT_DINO_VELOCIRAPTOR','CONTINENT_OCEANIA',25);
INSERT INTO UnitSpawnContinents VALUES ('UNIT_DINO_SMILODON','CONTINENT_OCEANIA',25);
INSERT INTO UnitSpawnContinents VALUES ('UNIT_DINO_MAMMOTH','CONTINENT_OCEANIA',25);

INSERT INTO UnitSpawnTerrains VALUES ('UNIT_DINO_BASILOSAURUS','TERRAIN_OCEAN');
INSERT INTO UnitSpawnTerrains VALUES ('UNIT_DINO_VELOCIRAPTOR','TERRAIN_PLAINS');
INSERT INTO UnitSpawnTerrains VALUES ('UNIT_DINO_VELOCIRAPTOR','TERRAIN_PLAINS_HILLS');
INSERT INTO UnitSpawnTerrains VALUES ('UNIT_DINO_VELOCIRAPTOR','TERRAIN_DESERT');
INSERT INTO UnitSpawnTerrains VALUES ('UNIT_DINO_VELOCIRAPTOR','TERRAIN_DESERT_HILLS');
INSERT INTO UnitSpawnTerrains VALUES ('UNIT_DINO_MAMMOTH','TERRAIN_SNOW');
INSERT INTO UnitSpawnTerrains VALUES ('UNIT_DINO_MAMMOTH','TERRAIN_TUNDRA');

INSERT INTO UnitSpawnFeatures VALUES ('UNIT_DINO_SMILODON','FEATURE_FOREST');
INSERT INTO UnitSpawnFeatures VALUES ('UNIT_DINO_SMILODON','FEATURE_JUNGLE');
INSERT INTO UnitSpawnFeatures VALUES ('UNIT_DINO_UTAHRAPTOR','FEATURE_FLOODPLAINS');
INSERT INTO UnitSpawnFeatures SELECT 'UNIT_DINO_UTAHRAPTOR', FeatureType FROM Features WHERE FeatureType = 'FEATURE_FLOODPLAINS_GRASSLAND';
INSERT INTO UnitSpawnFeatures SELECT 'UNIT_DINO_UTAHRAPTOR', FeatureType FROM Features WHERE FeatureType = 'FEATURE_FLOODPLAINS_PLAINS';
INSERT INTO UnitSpawnFeatures VALUES ('UNIT_DINO_UTAHRAPTOR','FEATURE_FOREST');
INSERT INTO UnitSpawnFeatures VALUES ('UNIT_DINO_PROTOCERATOPS','FEATURE_JUNGLE');
INSERT INTO UnitSpawnFeatures VALUES ('UNIT_DINO_PROTOCERATOPS','FEATURE_FOREST');
INSERT INTO UnitSpawnFeatures VALUES ('UNIT_DINO_STYRACOSAURUS','FEATURE_JUNGLE');
INSERT INTO UnitSpawnFeatures VALUES ('UNIT_DINO_STYRACOSAURUS','FEATURE_FOREST');
INSERT INTO UnitSpawnFeatures VALUES ('UNIT_DINO_TRICERATOPS','FEATURE_JUNGLE');
INSERT INTO UnitSpawnFeatures VALUES ('UNIT_DINO_TRICERATOPS','FEATURE_FOREST');
INSERT INTO UnitSpawnFeatures VALUES ('UNIT_DINO_TREX','FEATURE_JUNGLE');
INSERT INTO UnitSpawnFeatures VALUES ('UNIT_DINO_TREX','FEATURE_FLOODPLAINS');
INSERT INTO UnitSpawnFeatures SELECT 'UNIT_DINO_TREX', FeatureType FROM Features WHERE FeatureType = 'FEATURE_FLOODPLAINS_GRASSLAND';
INSERT INTO UnitSpawnFeatures SELECT 'UNIT_DINO_TREX', FeatureType FROM Features WHERE FeatureType = 'FEATURE_FLOODPLAINS_PLAINS';
INSERT INTO UnitSpawnFeatures VALUES ('UNIT_DINO_TREX','FEATURE_FOREST');
INSERT INTO UnitSpawnFeatures VALUES ('UNIT_DINO_ANKYLOSAURUS','FEATURE_FOREST');
INSERT INTO UnitSpawnFeatures VALUES ('UNIT_DINO_ANKYLOSAURUS','FEATURE_JUNGLE');
INSERT INTO UnitSpawnFeatures VALUES ('UNIT_DINO_STEGOSAURUS','FEATURE_FOREST');
INSERT INTO UnitSpawnFeatures VALUES ('UNIT_DINO_ANKYLOSAURUS','FEATURE_JUNGLE');

INSERT INTO UnitSpawnEras VALUES ('UNIT_DINO_ANKYLOSAURUS', 'ERA_ANCIENT', 'ERA_CLASSICAL');
INSERT INTO UnitSpawnEras VALUES ('UNIT_DINO_BASILOSAURUS', 'ERA_ANCIENT', 'ERA_CLASSICAL');
INSERT INTO UnitSpawnEras VALUES ('UNIT_DINO_PROTOCERATOPS', 'ERA_ANCIENT', 'ERA_CLASSICAL');
INSERT INTO UnitSpawnEras VALUES ('UNIT_DINO_STEGOSAURUS', 'ERA_ANCIENT', 'ERA_CLASSICAL');
INSERT INTO UnitSpawnEras VALUES ('UNIT_DINO_STYRACOSAURUS', 'ERA_ANCIENT', 'ERA_CLASSICAL');
INSERT INTO UnitSpawnEras VALUES ('UNIT_DINO_TREX', 'ERA_ANCIENT', 'ERA_CLASSICAL');
INSERT INTO UnitSpawnEras VALUES ('UNIT_DINO_TRICERATOPS', 'ERA_ANCIENT', 'ERA_CLASSICAL');
INSERT INTO UnitSpawnEras VALUES ('UNIT_DINO_UTAHRAPTOR', 'ERA_ANCIENT', 'ERA_CLASSICAL');
INSERT INTO UnitSpawnEras VALUES ('UNIT_DINO_VELOCIRAPTOR', 'ERA_ANCIENT', 'ERA_CLASSICAL');
INSERT INTO UnitSpawnEras VALUES ('UNIT_DINO_SMILODON', 'ERA_ANCIENT', 'ERA_CLASSICAL');
INSERT INTO UnitSpawnEras VALUES ('UNIT_DINO_MAMMOTH', 'ERA_ANCIENT', 'ERA_CLASSICAL');